{"nBxVgZA8hQNbil+x6wjsYg==":"art-122x122.png","Vea7d6zCXP3Vj6gcbmbBuw==":"lead-image-galleries-room-4-alternative-view2-1920x1000.jpg","iTVNp1bK2YpiAe9IJ7h3Rw==":"lead-image-galleries-room-4-alternative-view2-1-1920x1000.jpg","I0lAxfj3/2g8FkL+V3oRyA==":"sam_museum_space_36x18-1-2000x1001.jpg","Go/wzVF6xjH4TP+IlC4cdw==":"590691-nature-landscape-trees-forest-castle-monastery-armenia-mountains-stones-valley-hills-clouds-1920x1080.jpg","orRmO510rheQpHcEHJ8elA==":"history-museum-of-armenia-650x366.jpg","mIIbxW0r7dEZSbMPwcoYdg==":"background2.jpg"}